disp,relative_time
0.7897999262939139,0.0
0.8101734594360815,0.02
0.8392457018684955,0.04
0.8559865407327506,0.06
0.8688634786246835,0.08
0.8775618994357222,0.1
0.8700581550319613,0.12
0.8583441179047118,0.14
0.8487928807739151,0.16
0.8511015472086325,0.18
0.8561622184418445,0.2
0.8668433625249924,0.22
0.8717118046963686,0.24
0.880361895094069,0.26
0.8924489534688804,0.28
0.901394781507054,0.3
0.9045518862860614,0.32
0.9027582018638144,0.34
0.8843597852874938,0.36
0.859476589766425,0.38
0.815551183197623,0.4
0.7660739825642076,0.42
0.7145489214314988,0.44
0.6610953787496812,0.46
0.6296037895024349,0.48
0.6080243139575275,0.5
0.5974373812607254,0.52
0.5861948804917548,0.54
0.5924885049583152,0.56
0.6019268597204814,0.58
0.6166642665442988,0.6
0.621666805711671,0.62
0.621521869420698,0.64
0.6217747055328893,0.66
0.6144695555503559,0.68
0.6067293004790058,0.7000000000000001
0.5875738997966445,0.72
0.5822695206107427,0.74
0.582896089674471,0.76
0.579884478296989,0.78
0.5706510729547661,0.8
0.5738930854180294,0.8200000000000001
0.5761866531620087,0.84
0.5965113534422573,0.86
0.6246057688474665,0.88
0.647046724325547,0.9
0.6850626285726422,0.92
0.7167615759658071,0.94
0.7387167019817974,0.96
0.7509892907600492,0.98
0.7656212857624692,1.0
0.7712224986326732,1.02
0.7840902685567757,1.04
0.8005013467661455,1.06
0.8142305137027898,1.08
0.830480088850086,1.1
0.8290728067474762,1.12
0.8244185259963017,1.14
0.807135253978787,1.16
0.7932085915716611,1.18
0.7798039436508312,1.2
0.785094236451179,1.22
0.8103763193328,1.24
0.8326488643091355,1.26
0.8567786072579247,1.28
0.869277201801025,1.3
0.873785664431416,1.32
0.8681045030702603,1.34
0.8680598169632547,1.36
0.8643441921457307,1.38
0.867563842268222,1.4
0.8717608926034356,1.42
0.863153204531467,1.44
0.8568835339713524,1.46
0.8485474577207137,1.48
0.8421858473741416,1.5
0.8355423552379398,1.52
0.8300077909954096,1.54
0.8327801104733152,1.56
0.8424725115334263,1.58
0.8470591667379016,1.6
0.8522193022520326,1.62
0.8551840617566007,1.64
0.867851423366505,1.66
0.8698569637995861,1.68
0.859936207645878,1.7
0.8505915258908198,1.72
0.8480672498715182,1.74
0.8457271769406954,1.76
0.8368470120488398,1.78
0.8355744572482569,1.8
0.8311573215466379,1.82
0.8359845584108451,1.84
0.827366919395172,1.86
0.8177780404635432,1.88
0.8217492944411221,1.9
0.829134299886442,1.92
0.8420002526321492,1.94
0.8485384719921157,1.96
0.8629929595743818,1.98
0.8754203806870258,2.0
0.8855235518484269,2.02
0.8926658529262904,2.04
0.8880679557342188,2.06
0.8985369027989599,2.08
0.9056283892422754,2.1
0.9179910038738084,2.12
0.9223502838282815,2.14
0.9249531638216576,2.16
0.9193405352444792,2.18
0.9213150246015434,2.2
0.9223043696322832,2.22
0.9243507041202238,2.24
0.9269416336987214,2.26
0.936307444774957,2.28
0.941489389449174,2.3000000000000003
0.9426935231178224,2.32
0.9312971278969008,2.34
0.9206428774491824,2.36
0.9142402460042968,2.38
0.9029734232696928,2.4
0.8956099003124376,2.42
0.8797993882498769,2.44
0.8750239971132203,2.46
0.8629956726778053,2.48
0.858069815543703,2.5
0.8399459004689143,2.52
0.8358670055824574,2.54
0.8326159561611076,2.56
0.8235653297653003,2.58
0.8174207594820502,2.6
0.8157634585233278,2.62
0.8231292685048338,2.64
0.8287276423919994,2.66
0.832129510976056,2.68
0.8367866786525985,2.7
0.8415125448198075,2.72
0.8463521099574,2.74
0.8514875554463593,2.76
0.8570601863459487,2.78
0.8540394215781534,2.8000000000000003
0.8580370310659475,2.82
0.85211113451804,2.84
0.8459972115204933,2.86
0.8437152132142518,2.88
0.8390823587538049,2.9
0.8444426297246739,2.92
0.8510719564828543,2.94
0.847530167011755,2.96
0.8370630600863159,2.98
0.8365672216158461,3.0
0.8325542148936479,3.02
0.8362600255971087,3.04
0.8501856421500606,3.06
0.864522628604898,3.08
0.8801564149186952,3.1
0.8682444829986062,3.12
0.8566477277921811,3.14
0.8341755502237845,3.16
0.8149219598485525,3.18
0.8009605494400077,3.2
0.7894455864261384,3.22
0.7895349147881311,3.24
0.7935506938592974,3.26
0.7990791229878385,3.28
0.7969947058356356,3.3000000000000003
0.8074834390351774,3.3200000000000003
0.820098040564222,3.34
0.8446658664563185,3.36
0.8508265498994371,3.38
0.8453293639981722,3.4
0.8434205869765283,3.42
0.8445194560131588,3.44
0.8326309901148983,3.46
0.8281140308917644,3.48
0.8231966579090229,3.5
0.8290968149366457,3.52
0.835773768422115,3.54
0.8242520271969135,3.56
0.8262866778189554,3.58
0.8305539319423401,3.6
0.8456833070987779,3.62
0.8551207298133534,3.64
0.8676547200684905,3.66
0.8755405336069185,3.68
0.8804267489448281,3.7
0.8774826322524145,3.72
0.8652024868778062,3.74
0.8684902705038614,3.76
0.8613869703504554,3.78
0.8628396143841989,3.8
0.8675821284383094,3.82
0.8668108621094723,3.84
0.8567155185634525,3.86
0.8410134115129028,3.88
0.8293576220272647,3.9
0.8190962716317962,3.92
0.8083715270615731,3.94
0.8030971721052553,3.96
0.8021619646251067,3.98
0.8008219398692654,4.0
0.7980714671355773,4.0200000000000005
0.793613660589489,4.04
0.7826733551076323,4.0600000000000005
0.7831341365358843,4.08
0.7856426116166716,4.1
0.7787550935025614,4.12
0.7787893421938796,4.14
0.7769496730579251,4.16
0.7777921843812924,4.18
0.779229407779255,4.2
0.7908047502729438,4.22
0.7832486215553289,4.24
0.7765750818636844,4.26
0.7767907681045069,4.28
0.7671243501893937,4.3
0.76873920182139,4.32
0.7669669240828151,4.34
0.7717016030197416,4.36
0.7710718605806008,4.38
0.7764765537633981,4.4
0.77337764014003,4.42
0.781302429351086,4.44
0.7959205938958542,4.46
0.8066248411965169,4.48
0.8180280347446716,4.5
0.8273243455347525,4.5200000000000005
0.8271838309150649,4.54
0.8230146231379336,4.5600000000000005
0.8100447850811016,4.58
0.801532843396071,4.6000000000000005
0.7967543784666451,4.62
0.7941096818449985,4.64
0.794727920422294,4.66
0.7908597854574794,4.68
0.8063315103329952,4.7
0.8119222331235856,4.72
0.8207692259478104,4.74
0.8200624532133174,4.76
0.8195945269068462,4.78
0.8146187838783214,4.8
0.8099973129515832,4.82
0.7993613763153309,4.84
0.790304398582059,4.86
0.7985383241965934,4.88
0.7998807567560721,4.9
0.793586922349242,4.92
0.7917751360057075,4.94
0.7978118266024332,4.96
0.8019675167365526,4.98
0.8001860767574976,5.0
0.7983669985124929,5.0200000000000005
0.8035893723056385,5.04
0.7959503835353345,5.0600000000000005
0.770309919619808,5.08
0.7514495309726763,5.1000000000000005
0.7463963649644375,5.12
0.7520736953593821,5.14
0.7574605124989048,5.16
0.7611313368321673,5.18
0.7746101041198166,5.2
0.7833010697627049,5.22
0.7785741247504063,5.24
0.7611941195485329,5.26
0.7563226562772658,5.28
0.75049072793371,5.3
0.7450882198484936,5.32
0.7281046423787618,5.34
0.7138302931608412,5.36
0.7164643785105429,5.38
0.7223797686803985,5.4
0.7350865016450961,5.42
0.741509846550479,5.44
0.7456536896576414,5.46
0.7463308456790851,5.48
0.7420795401483512,5.5
0.7240160260258841,5.5200000000000005
0.7205190850646541,5.54
0.7227809866183798,5.5600000000000005
0.7132706426892297,5.58
0.7037992626071428,5.6000000000000005
0.6970575765451705,5.62
0.6857804227795383,5.64
0.6875621008437538,5.66
0.6867677300211462,5.68
0.6998222803227605,5.7
0.734242251455801,5.72
0.7624762622348009,5.74
0.7774963564346904,5.76
0.789771115184861,5.78
0.7937227178259806,5.8
0.79403538743199,5.82
0.7985055358231583,5.84
0.7823116130846447,5.86
0.7751335672834161,5.88
0.7781922044867554,5.9
0.7696144665171026,5.92
0.7717812180479194,5.94
0.7719459686746314,5.96
0.7657458105324393,5.98
0.7715642603808348,6.0
0.7936240242074082,6.0200000000000005
0.794511914274509,6.04
0.7914088699399509,6.0600000000000005
0.792476746676254,6.08
0.78708049156507,6.1000000000000005
0.788845485622445,6.12
0.7835388737723086,6.140000000000001
0.7770582903831927,6.16
0.7757033239994522,6.18
0.7789178736505945,6.2
0.7689631255204556,6.22
0.7549448705006743,6.24
0.7504089464777493,6.26
0.7578011466544462,6.28
0.7618780560049139,6.3
0.7667709678657835,6.32
0.7804686737931436,6.34
0.7857535554617484,6.36
0.7791659276131095,6.38
0.7767861857835379,6.4
0.7703274222886767,6.42
0.7708012336804346,6.44
0.7770980994072477,6.46
0.7766668378168606,6.48
0.7881473066373391,6.5
0.8032630804658134,6.5200000000000005
0.8044055838879862,6.54
0.8045102301718264,6.5600000000000005
0.8074433337960153,6.58
0.7910190514728712,6.6000000000000005
0.7759550635144734,6.62
0.7588854937571518,6.640000000000001
0.7523829714515342,6.66
0.7687553557604573,6.68
0.7874661545574666,6.7
0.8044095464980098,6.72
0.8234288136703479,6.74
0.8268359565162426,6.76
0.8130404496324438,6.78
0.8167915024489151,6.8
0.8387478850845197,6.82
0.8571893839497371,6.84
0.8895722161560821,6.86
0.9234976795765594,6.88
0.9360018758764286,6.9
0.9306333852731395,6.92
0.90932599537338,6.94
0.8754732586027226,6.96
0.8547802923438174,6.98
0.8377673320332804,7.0
0.8055570415976913,7.0200000000000005
0.7930599723680349,7.04
0.7719895570125407,7.0600000000000005
0.7423579111914975,7.08
0.7207527590854372,7.1000000000000005
0.7082895993317234,7.12
0.6956129167699745,7.140000000000001
0.6821884787358964,7.16
0.6748389941520361,7.18
0.6634792988950728,7.2
0.6515844309043193,7.22
0.6170582006036271,7.24
0.5857640329024005,7.26
0.5470733179304952,7.28
0.513900975727385,7.3
0.4777270470388604,7.32
0.4518777478109296,7.34
0.4315190754167993,7.36
0.4051897168785773,7.38
0.3894629067072981,7.4
0.3792864150108739,7.42
0.3851738456987189,7.44
0.3867933843142386,7.46
0.3994267527227962,7.48
0.4211039832231286,7.5
0.4444984087466928,7.52
0.4543031810316782,7.54
0.4632732200612728,7.56
0.4757277278736818,7.58
0.4872978137444576,7.6
0.514413003477941,7.62
0.5431887815840841,7.640000000000001
0.5841017041769605,7.66
0.6261709474852053,7.68
0.6606570869086745,7.7
0.6948576612089566,7.72
0.7218264229484503,7.74
0.7441351553977327,7.76
0.7577080681770223,7.78
0.7780432958669069,7.8
0.7977543488600193,7.82
0.8117779225310613,7.84
0.8243210427137616,7.86
0.8474000309801815,7.88
0.8656980460164915,7.9
0.8714213773180216,7.92
0.8838714087610133,7.94
0.8881231047774374,7.96
0.8903857946540825,7.98
0.897604680063196,8.0
0.8921556225964552,8.02
0.8995814948703551,8.040000000000001
0.9124998285714632,8.06
0.9270797686448746,8.08
0.9530009431767243,8.1
0.9753972247270754,8.120000000000001
0.9896332337304332,8.14
0.9974655556678278,8.16
0.9951166075390808,8.18
1.0,8.2
0.9944936304585068,8.22
0.990819120823227,8.24
0.9931813894478122,8.26
0.997234881721777,8.28
0.9839003352780392,8.3
0.9699596999577444,8.32
0.9522019231920146,8.34
0.9279655977864736,8.36
0.9288376092112122,8.38
0.9174577897372392,8.4
0.9163420982546956,8.42
0.9210428306214428,8.44
0.9214052592423096,8.46
0.9315164258223246,8.48
0.9468338804122292,8.5
0.9508183361259164,8.52
0.956173566838864,8.540000000000001
0.9651304376010168,8.56
0.9643946047098554,8.58
0.9562254623961702,8.6
0.9477243941272248,8.620000000000001
0.940201009478117,8.64
0.941444737125564,8.66
0.9399935740752288,8.68
0.9340266997381343,8.700000000000001
0.9300682100651756,8.72
0.9237203144228344,8.74
0.9168039664892652,8.76
0.9049577470536662,8.78
0.9105584403845896,8.8
0.9148069447829034,8.82
0.9183707649489172,8.84
0.925650915727679,8.86
0.9271273316576198,8.88
0.9265861231021544,8.9
0.9238993602792902,8.92
0.91885188050334,8.94
0.9062041370537132,8.96
0.9056892659986256,8.98
0.8945717365931439,9.0
0.8847788432142953,9.02
0.8745050962831702,9.04
0.862250050184902,9.06
0.8639792573300328,9.08
0.8598318838807556,9.1
0.8540438585729443,9.12
0.8357712779695899,9.14
0.8268634194684611,9.16
0.8178552529191112,9.18
0.8167844881821236,9.2
0.8160441689268101,9.22
0.8179488428670803,9.24
0.8247918879906967,9.26
0.8356902210896583,9.28
0.8486208967658841,9.3
0.8528444262030527,9.32
0.8632082459073998,9.34
0.8740824628139343,9.36
0.8971202361731969,9.38
0.908077968763124,9.4
0.9203112028707592,9.42
0.9365317198383885,9.44
0.9539228618827998,9.46
0.9624504118108492,9.48
0.977195122814619,9.5
0.9908451319478624,9.52
0.9948112628872504,9.54
0.9944738161523028,9.56
0.9885408560388744,9.58
0.9849755613830832,9.6
0.9839673681341732,9.62
0.9699040383972124,9.64
0.961356403514914,9.66
0.9725312890132182,9.68
0.9782804553612388,9.7
0.9776959832152974,9.72
0.9691066024434336,9.74
0.959457344430967,9.76
0.9584772753405124,9.78
0.9608643907283628,9.8
0.9546833944034192,9.82
0.9611036409440196,9.84
0.9713747518005192,9.86
0.9878688231090524,9.88
0.9963159162001508,9.9
0.9896206237035398,9.92
0.9789908755218366,9.94
0.973274179503336,9.96
0.967918501603247,9.98
0.9503238888553164,10.0
0.9407600499082364,10.02
0.9228148449715178,10.04
0.9147263998708924,10.06
0.8863025285906723,10.08
0.8521236356943594,10.1
0.8192753337533187,10.12
0.800290558814979,10.14
0.7935368437152811,10.16
0.7820389206398878,10.18
0.781925574785241,10.2
0.7796096395135276,10.22
0.7837119460984329,10.24
0.7817815932845064,10.26
0.7742534294866796,10.28
0.7707099042622187,10.3
0.7678839159864593,10.32
0.7616594790042308,10.34
0.757106362074336,10.36
0.7436096534431922,10.38
0.7314898759626314,10.4
0.7298978893609428,10.42
0.7365638967822248,10.44
0.733256577021494,10.46
0.7371542886271686,10.48
0.7301992810620588,10.5
0.7317647243726003,10.52
0.7453082918198193,10.54
0.7382442260325179,10.56
0.7298845596078382,10.58
0.7295091968409211,10.6
0.7290647267011978,10.62
0.7343140348589824,10.64
0.7449151954221056,10.66
0.7513046490337955,10.68
0.7673423494628643,10.7
0.779594456438902,10.72
0.7766798605074041,10.74
0.7613978796800626,10.76
0.7513254702794531,10.78
0.7370172852122588,10.8
0.7333483575113935,10.82
0.7264588716323945,10.84
0.7312164338552412,10.86
0.7284101042950545,10.88
0.7220752273693354,10.9
0.7132983353985186,10.92
0.7049731789959915,10.94
0.7182178056020943,10.96
0.7335213862454905,10.98
0.7570631309566507,11.0
0.7719255712284894,11.02
0.7859991707123243,11.04
0.7823878126369342,11.06
0.7816874855759397,11.08
0.7717702569273173,11.1
0.7688932740427996,11.12
0.7716722754993538,11.14
0.7841397350183053,11.16
0.7915821293758858,11.18
0.7932994632338283,11.2
0.7844496430688755,11.22
0.7649921525431406,11.24
0.7461852675106561,11.26
0.7282713770840477,11.28
0.6957232629935495,11.3
0.6863410381355536,11.32
0.7012903224002045,11.34
0.7211182230945091,11.36
0.7529020633128525,11.38
0.7850339007177006,11.4
0.8081724424981179,11.42
0.8235088362443453,11.44
0.8429574294215335,11.46
0.8391442310008479,11.48
0.8466450818402109,11.5
0.8412600850052283,11.52
0.8424625193414836,11.54
0.8304750193322996,11.56
0.8198283141502534,11.58
0.7985538608065903,11.6
0.7826170425804087,11.62
0.7761342123368481,11.64
0.7589418698193663,11.66
0.7447076936872478,11.68
0.7311158030371392,11.7
0.7340373016293368,11.72
0.7286819691434038,11.74
0.7307343129717309,11.76
0.733773969112679,11.78
0.7376870124161865,11.8
0.7358876937163932,11.82
0.7385480361878765,11.84
0.7452706302669928,11.86
0.7400348706817352,11.88
0.7500412897704065,11.9
0.753607647269663,11.92
0.7462987493514859,11.94
0.7384933675299603,11.96
0.7317612116320544,11.98
0.7246006273137453,12.0
0.7305988566490014,12.02
0.7280244736930347,12.04
0.724362541052902,12.06
0.733274263261443,12.08
0.7270083660983134,12.1
0.7186427609523993,12.12
0.714660506841699,12.14
0.7140620583992767,12.16
0.7084375183778773,12.18
0.7151444428301431,12.2
0.7133975182053561,12.22
0.7263064033300832,12.24
0.7355242524182276,12.26
0.7449368442869333,12.28
0.7564874345813544,12.3
0.7601117812397339,12.32
0.7641827815976723,12.34
0.7619968777485575,12.36
0.7540447510712233,12.38
0.7404415484843531,12.4
0.750074623069016,12.42
0.759854927634515,12.44
0.7637276577971481,12.46
0.7689542449684261,12.48
0.7667142675536872,12.5
0.7676303245278314,12.52
0.7541294502192523,12.54
0.7381884810891628,12.56
0.7294179065764657,12.58
0.7319634230954888,12.6
0.728322716326066,12.62
0.7155651012311001,12.64
0.7157709209403353,12.66
0.7100721537015349,12.68
0.7020299185022763,12.7
0.6919633470705888,12.72
0.6882683755568042,12.74
0.6801298899773356,12.76
0.680371653675202,12.78
0.6823242147937175,12.8
0.690704731252624,12.82
0.7131531230607565,12.84
0.7304898040348521,12.86
0.7385992140733068,12.88
0.7501997590340581,12.9
0.753340708835918,12.92
0.740443104569317,12.94
0.7418169923054052,12.96
0.7396574085781807,12.98
0.7408436710431526,13.0
0.7530022379398147,13.02
0.7517910357332794,13.04
0.759704890382174,13.06
0.7601088507693416,13.08
0.7572502940678292,13.1
0.7443439867411523,13.12
0.7342039811008004,13.14
0.7223123375064338,13.16
0.7180014695689587,13.18
0.7113051594195536,13.2
0.704512074929571,13.22
0.706070084362819,13.24
0.7094059471610535,13.26
0.710410569471869,13.28
0.7166201530435847,13.3
0.7144571340857683,13.32
0.7186588493596141,13.34
0.716710413918607,13.36
0.71079803886318,13.38
0.7229475919344833,13.4
0.7296019027747523,13.42
0.7494308411423741,13.44
0.7497574860428222,13.46
0.7592904338221105,13.48
0.7498776642985509,13.5
0.7424803309965179,13.52
0.7361889869873401,13.54
0.7329811607619684,13.56
0.7504930664342813,13.58
0.7619334068278468,13.6
0.7698379252521488,13.62
0.7712273154100316,13.64
0.7672451242352684,13.66
0.7560710422626118,13.68
0.750548569607932,13.7
0.7499568864209091,13.72
0.7529302978595809,13.74
0.7749709492714302,13.76
0.7881563175568853,13.78
0.8004407773549734,13.8
0.8091426790472569,13.82
0.8190885967971525,13.84
0.8209245772114697,13.86
0.8203447996497756,13.88
0.8181753084426912,13.9
0.8082092444674442,13.92
0.7947101616545869,13.94
0.7694918531152657,13.96
0.7523442036147577,13.98
0.7192088403598085,14.0
0.6870083897422118,14.02
0.6406665552866418,14.04
0.6085951171068151,14.06
0.5773537466516648,14.08
0.5446725124433983,14.1
0.5121384627304877,14.12
0.4884451916202868,14.14
0.465870560242081,14.16
0.4293935329517904,14.18
0.3923238066590986,14.2
0.3646836543568622,14.22
0.3516963418208658,14.24
0.3399280089320478,14.26
0.340067414034463,14.28
0.3374084026152845,14.3
0.3448964660697163,14.32
0.3608038797763976,14.34
0.3773551757467663,14.36
0.3887194875011964,14.38
0.3996129316586648,14.4
0.3936294287717595,14.42
0.3807211188981375,14.44
0.377366908166765,14.46
0.3605195989851522,14.48
0.3566501604569829,14.5
0.3497484201780468,14.52
0.3386136510000655,14.54
0.3133857538925857,14.56
0.2748388871707399,14.58
0.2351003702546309,14.6
0.1949741388506986,14.62
0.1745635544935333,14.64
0.1547349708796531,14.66
0.1457327171711589,14.68
0.1399760852018976,14.7
0.1440656595210051,14.72
0.1394101070111186,14.74
0.1315007405996247,14.76
0.134210051486034,14.78
0.1156092198183649,14.8
0.1149614190205742,14.82
0.1094477878114218,14.84
0.1032332413855352,14.86
0.1025047150611448,14.88
0.0967272721754193,14.9
0.0915593651061316,14.92
0.0777269068466501,14.94
0.07346053737193,14.96
0.0554194507505875,14.98
0.0564695433589083,15.0
0.050212862826352,15.02
0.0394922346784978,15.04
0.0272751351874532,15.06
0.0155206485385446,15.08
0.0061703904118036,15.1
0.0,15.12
0.0021893505548236,15.14
0.0008995375806705,15.16
0.0061106234913904,15.18
0.0162344331250829,15.2
0.0235302295743115,15.22
0.0321892261605978,15.24
0.0327632866413586,15.26
0.0418786192903142,15.28
0.0441393497020726,15.3
0.04763579523669,15.32
0.05207174013682,15.34
0.0562345901206658,15.36
0.0603593252832355,15.38
0.0738942229874867,15.4
0.0797097255379983,15.42
0.0851199294436184,15.44
0.0889393921057506,15.46
0.0780431053052289,15.48
0.0800664210883709,15.5
0.0803787895479184,15.52
0.080665969538954,15.54
0.0852580184224079,15.56
0.1027807183550773,15.58
0.1031637071758444,15.6
0.1107016885211565,15.62
0.1135676391884653,15.64
0.1062751685928444,15.66
0.0950883988422607,15.68
0.0803741190286221,15.7
0.0753469637846374,15.72
0.0722247427049476,15.74
0.0630350417572278,15.76
0.0572835145854243,15.78
0.0678396209202463,15.8
0.0662452084566974,15.82
0.0649602734352487,15.84
0.0599911790905038,15.86
0.0608761254415003,15.88
0.0700076993504385,15.9
0.0778416257050697,15.92
0.0849974391174609,15.94
0.105245043822485,15.96
0.1156132896881038,15.98
0.112602703039599,16.0
0.1212253406046152,16.02
0.1272083471267719,16.04
0.1386176376773185,16.06
0.1473030420714845,16.080000000000002
0.1684662074938845,16.1
0.1839749424642583,16.12
0.1892599818928696,16.14
0.1895789934284455,16.16
0.1853057102498258,16.18
0.1830312601149564,16.2
0.1820430029206707,16.22
0.1823083443590724,16.240000000000002
0.1766387544765576,16.26
0.185601725945414,16.28
0.1801488902510593,16.3
0.1724954084676358,16.32
0.1773028007740871,16.34
0.1836443932036639,16.36
0.1981757286001355,16.38
0.1989500946884642,16.4
0.212913893396257,16.42
0.2153615011920234,16.44
0.2224198369948584,16.46
0.2227056432180117,16.48
0.2355409298213799,16.5
0.2522631287533853,16.52
0.2782320413601787,16.54
0.310003745342076,16.56
0.332841128553952,16.580000000000002
0.3624327483710224,16.6
0.3708779574106586,16.62
0.3695682860320427,16.64
0.368606248858512,16.66
0.3614035063455181,16.68
0.350248990446563,16.7
0.3474595617502734,16.72
0.3578439242301623,16.740000000000002
0.3719442350473034,16.76
0.3774220146147787,16.78
0.3814545661051969,16.8
0.3673787295084333,16.82
0.3609658999652797,16.84
0.3475955893255759,16.86
0.3301993690809951,16.88
0.3203227736872616,16.9
0.3184465291784133,16.92
0.3207620074946312,16.94
0.3180430807137161,16.96
0.3257649577512219,16.98
0.3211462833192204,17.0
0.3285768011180966,17.02
0.3440809791946713,17.04
0.3543620833667172,17.06
0.3628057422705916,17.080000000000002
0.3781312652297608,17.1
0.3942275632994389,17.12
0.4079678746606987,17.14
0.4214669415350639,17.16
0.4330033399800501,17.18
0.4365676598498863,17.2
0.451117891516577,17.22
0.4654382346589888,17.240000000000002
0.4768578119266049,17.26
0.490187354355788,17.28
0.498746249086899,17.3
0.5087275521626372,17.32
0.5043237286156175,17.34
0.4998891375871866,17.36
0.480053307852587,17.38
0.4709832971611891,17.400000000000002
0.4682358201320027,17.42
0.472618467553058,17.44
0.4810143250192526,17.46
0.4785324470158548,17.48
0.489316726518863,17.5
0.4995877363737784,17.52
0.518101099391105,17.54
0.529110754200072,17.56
0.5389266634668227,17.580000000000002
0.5539355971623077,17.6
0.564807656761673,17.62
0.575287032060908,17.64
0.5606025058000131,17.66
0.5651253370303079,17.68
0.5645748079835782,17.7
0.5641822904386894,17.72
0.5656157874440312,17.740000000000002
0.5730924500727871,17.76
0.5728131695051264,17.78
0.5639604289681667,17.8
0.5613095597489085,17.82
0.5567347520232577,17.84
0.558150519502713,17.86
0.5512180553496813,17.88
0.5492472923393051,17.900000000000002
0.5556749403832848,17.92
0.563858856039372,17.94
0.5546161443027354,17.96
0.5447129053252054,17.98
0.5352082076332346,18.0
0.524786665244325,18.02
0.5154063324251463,18.04
0.5117651789346831,18.06
0.5078916059148313,18.08
0.5129625017649565,18.1
0.5100957276335054,18.12
0.5018252677444277,18.14
0.4903224747518226,18.16
0.4773248900885576,18.18
0.4598164264397451,18.2
0.4531434025096938,18.22
0.4424101587208853,18.24
0.4390713614954569,18.26
0.4464955738885905,18.28
0.4376270899907208,18.3
0.437297341249041,18.32
0.4414068210794972,18.34
0.4444440901601648,18.36
0.4409358990107958,18.38
0.429124170347053,18.4
0.4059357677729663,18.42
0.3972776692370822,18.44
0.3872303007947347,18.46
0.3788397234415852,18.48
0.3812866905866489,18.5
0.3959541992082415,18.52
0.4142091450571873,18.54
0.4352602087998005,18.56
0.45290254980946,18.58
0.4697595446019646,18.6
0.4932617293613892,18.62
0.5055341672232766,18.64
0.5155393252028639,18.66
0.5281009929340863,18.68
0.5256872563574193,18.7
0.5215861877154461,18.72
0.5175784800786128,18.74
0.5151931638915355,18.76
0.5093945278954466,18.78
0.5060537959003338,18.8
0.5008280721209791,18.82
0.506578347462773,18.84
0.5172262526184652,18.86
0.5062308534967078,18.88
0.510508794558694,18.9
0.513880613780549,18.92
0.5143827709542506,18.94
0.5072417670806005,18.96
0.5081761987021016,18.98
0.5129700467088407,19.0
0.515834300286436,19.02
0.5165519615427063,19.04
0.513051517365795,19.06
0.5073333024672683,19.08
0.5028626733726507,19.1
0.4986910890463377,19.12
0.4905440861408802,19.14
0.4947273752332319,19.16
0.4880075596799889,19.18
0.4834674775822081,19.2
0.4805141224102344,19.22
0.4807741344934026,19.24
0.4822043811011938,19.26
0.4905829619519299,19.28
0.492138342578636,19.3
0.4929028833369114,19.32
0.4895967988820912,19.34
0.4740308557127783,19.36
0.4616252789084651,19.38
0.448104520675904,19.4
0.4356813397381253,19.42
0.4263936550542608,19.44
0.4080814527585241,19.46
0.3990586984418663,19.48
0.382004740390328,19.5
0.3625065903550466,19.52
0.3399454006207315,19.54
0.3222269411221784,19.56
0.3182072437364268,19.58
0.3166799804060671,19.6
0.3242417760701294,19.62
0.3564102227381647,19.64
0.4008489636528848,19.66
0.4384088017060725,19.68
0.4765763941534252,19.7
0.5125182469346253,19.72
0.5299789525566938,19.74
0.5413464179375692,19.76
0.5338759717700786,19.78
0.5002552087812628,19.8
0.4672197095105701,19.82
0.4193109202638722,19.84
0.379930304301718,19.86
0.3436030247457682,19.88
0.3348106781861691,19.9
0.3165520599030618,19.92
0.3285666090361931,19.94
0.3453943124910663,19.96
0.3579207198869881,19.98
0.3849007194138256,20.0
0.411605813112149,20.02
0.4388428770105176,20.04
0.4518218773819286,20.06
0.477472336185308,20.08
0.485163869771505,20.1
0.5034678104194331,20.12
0.5153334052434441,20.14
0.5227933710450711,20.16
0.5378192741514713,20.18
0.5454711561558968,20.2
0.5528405795998019,20.22
0.553587485864596,20.24
0.5653716626542523,20.26
0.5748248462444184,20.28
0.5808404420627192,20.3
0.588740129873977,20.32
0.6070254941002798,20.34
0.6329769003246405,20.36
0.6583406107617091,20.38
0.6975766744463028,20.4
0.7287427824974462,20.42
0.7523454816094954,20.44
0.7634683167005819,20.46
0.7676396990510687,20.48
0.7564726922477896,20.5
0.7553187180993289,20.52
0.7506318221039671,20.54
0.7408602595282562,20.56
0.7378075098537509,20.58
0.7256387736461833,20.6
0.7114604759235739,20.62
0.7011414272611742,20.64
0.6941789449990785,20.66
0.6883297221161897,20.68
0.7045213351502263,20.7
0.7292201062940795,20.72
0.7498012853021713,20.74
0.7677105677574406,20.76
0.7700031119301917,20.78
0.7585580274850612,20.8
0.7497236767234078,20.82
0.7340249924562993,20.84
0.7248930851196949,20.86
0.7244113397949369,20.88
0.739632040901139,20.9
0.7525186555244107,20.92
0.7580297522126492,20.94
0.7624116356425086,20.96
0.7674499284239146,20.98
0.7731132299815469,21.0
0.7823566798762484,21.02
0.7838907963567434,21.04
0.7927310432235745,21.06
0.8082093378331275,21.08
0.8073156396833601,21.1
0.7968636336091561,21.12
0.7849783247125528,21.14
0.7657220277276371,21.16
0.7469034913539789,21.18
0.7319328694963627,21.2
0.716937245453017,21.22
0.7057656962902876,21.24
0.6961963703915034,21.26
0.696248563138788,21.28
0.6962574734585976,21.3
0.6903923099075846,21.32
0.6873950800257463,21.34
0.6912604782384922,21.36
0.6855331395725384,21.38
0.6819376487875427,21.4
0.6642358069379798,21.42
0.6493504362491633,21.44
0.6443933740485672,21.46
0.6318109681789956,21.48
0.6261084508953133,21.5
0.6217116095425216,21.52
0.6114063339218725,21.54
0.5932286302579772,21.56
0.5724236908798545,21.58
0.5506159325995491,21.6
0.535890773558207,21.62
0.5125806330845954,21.64
0.4876905701763496,21.66
0.4848272209387309,21.68
0.4865759282300341,21.7
0.4854745783809975,21.72
0.4884934799167068,21.74
0.4936571545364254,21.76
0.511284700588304,21.78
0.5392395733352268,21.8
0.5605287558911592,21.82
0.5867992180137817,21.84
0.6109159796043518,21.86
0.6113914500022747,21.88
0.6134516584653831,21.9
0.6075831887141518,21.92
0.6015121836336497,21.94
0.6017324985668997,21.96
0.6081240834901749,21.98
0.6229796237740637,22.0
0.6497049360552709,22.02
0.6500123457792685,22.04
0.6381397942072237,22.06
0.6321650930662233,22.08
0.6243302926666686,22.1
0.6288505463192727,22.12
0.6438982928646543,22.14
0.6579785805663677,22.16
0.6802474473264256,22.18
0.696890540483046,22.2
0.7014781583772188,22.22
0.6948470683975368,22.24
0.6703743977396096,22.26
0.6524136934637657,22.28
0.644097213356066,22.3
0.6383081275142791,22.32
0.6328341291006172,22.34
0.6275074391344836,22.36
0.6171757633048962,22.38
0.6125311743901508,22.4
0.5959698831265666,22.42
0.5848855895115223,22.44
0.5837911778111685,22.46
0.5899889271589053,22.48
0.5988073513352279,22.5
0.6076254417854405,22.52
0.6124232041350526,22.54
0.6229342200542077,22.56
0.6246147944641026,22.58
0.6202237755725156,22.6
0.6148944109253769,22.62
0.6072805339972783,22.64
0.5909658045308919,22.66
0.5814775254972027,22.68
0.5620485901236102,22.7
0.5480098931797418,22.72
0.5511191666862055,22.74
0.5493576762213405,22.76
0.5614753624273362,22.78
0.5642351418131735,22.8
0.5816999309584016,22.82
0.5874641580787942,22.84
0.6049175841568505,22.86
0.608443877116855,22.88
0.6161212555507481,22.9
0.6205515772871903,22.92
0.6248032706212124,22.94
0.6256799166440445,22.96
0.6204738951150784,22.98
0.6333650642360409,23.0
0.6351312180500394,23.02
0.6479412352322895,23.04
0.6549954218432399,23.06
0.6671015774763325,23.08
0.6642615832081287,23.1
0.6625716461935226,23.12
0.6639017734046421,23.14
0.6618693773298849,23.16
0.6631694963816048,23.18
0.6624571492754926,23.2
0.6657606937050158,23.22
0.6748981223591292,23.24
0.6865625527769528,23.26
0.6841599422970851,23.28
0.6885332460248791,23.3
0.6942709462977043,23.32
0.6936062715950777,23.34
0.6983589140997805,23.36
0.7102243610195679,23.38
0.7136340058579588,23.4
0.7177851544445446,23.42
0.7202116092347165,23.44
0.7106881059130059,23.46
0.7046644093923794,23.48
0.6980736132902041,23.5
0.6957431494128509,23.52
0.7026006102881834,23.54
0.7136353421579552,23.56
0.7068645732247387,23.58
0.6930310421827401,23.6
0.6653841338009828,23.62
0.6368932543798763,23.64
0.6187873692151783,23.66
0.6017582334745405,23.68
0.5826430496862613,23.7
0.5843723777276534,23.72
0.5791970191102505,23.74
0.5736685314966086,23.76
0.5635135986867817,23.78
0.5512541138394172,23.8
0.5432644581075555,23.82
0.5482827930784039,23.84
0.5484456733741571,23.86
0.5477331657561886,23.88
0.547535750313078,23.9
0.531585389695757,23.92
0.5196928171196041,23.94
0.5129833278482079,23.96
0.5051820322346068,23.98
0.4970627199417432,24.0
0.499990249262363,24.02
0.5017832329403856,24.04
0.5044686189036509,24.06
0.5094058532312447,24.08
0.5040408914261798,24.1
0.514140729006515,24.12
0.5229848664963113,24.14
0.5199604529276133,24.16
0.5143797721793258,24.18
0.5042834103609831,24.2
0.4998756680619466,24.22
0.5016779536209605,24.24
0.5035880824875129,24.26
0.5062346004758896,24.28
0.527799450852092,24.3
0.5299007394806394,24.32
0.5307588256605961,24.34
0.5232034623764513,24.36
0.515430615751583,24.38
0.5037940981834426,24.4
0.5004204193179802,24.42
0.4971255034562039,24.44
0.4978758686799407,24.46
0.5029854918173335,24.48
0.5032734102772497,24.5
0.5029710879735501,24.52
0.5028746790016567,24.54
0.500224286151441,24.56
0.4941077748988704,24.58
0.4980038967177384,24.6
0.5188424737981943,24.62
0.5396106416741508,24.64
0.5587468718567249,24.66
0.5620778729238702,24.68
0.5634084616695145,24.7
0.5660253017167877,24.72
0.5614781081752975,24.74
0.5568569986068257,24.76
0.5483875757904572,24.78
0.5670453056503255,24.8
0.5727125255973806,24.82
0.5705409847818312,24.84
0.554335798224259,24.86
0.5601947010871983,24.88
0.5606861941131119,24.9
0.5651421913045156,24.92
0.5686459138181943,24.94
0.5654183313012212,24.96
0.5753101406131526,24.98
0.5751810553092546,25.0
0.5695995006617142,25.02
0.5646328311378193,25.04
0.5699909253813924,25.06
0.5614555651029685,25.08
0.561385311927616,25.1
0.5585317901647776,25.12
0.556593053295229,25.14
0.5690096560494957,25.16
0.5752503365144604,25.18
0.57593616775441,25.2
0.5774290512494494,25.22
0.580251857763433,25.24
0.5898307414049005,25.26
0.597898091595863,25.28
0.5988012983780319,25.3
0.5955366870881524,25.32
0.6032122303230182,25.34
0.5934617524923386,25.36
0.5891821889250594,25.38
0.5883714041923696,25.4
0.5913555422208702,25.42
0.6038291098643868,25.44
0.6038294734184108,25.46
0.5937071461136912,25.48
0.5751377235706095,25.5
0.5720243965083929,25.52
0.5548743027238846,25.54
0.5511846933870947,25.56
0.5516122247953212,25.58
0.5499382731379795,25.6
0.5619659341609939,25.62
0.5672722161907188,25.64
0.5745824485874788,25.66
0.5708012310335925,25.68
0.5710926457008216,25.7
0.5524389298850932,25.72
0.5347779850716788,25.74
0.5101741880411561,25.76
0.5045977009950036,25.78
0.5047810127446987,25.8
0.5075174558805348,25.82
0.5249409430297253,25.84
0.5363122343199319,25.86
0.5448131111599679,25.88
0.5475533311745595,25.9
0.5451177005771156,25.92
0.5327859306915029,25.94
0.5339529664221048,25.96
0.522741198422491,25.98
0.5125942377695692,26.0
0.507915812494267,26.02
0.5067235042290466,26.04
0.5124749675835446,26.06
0.5268135170455505,26.08
0.5356671973391937,26.1
0.5402624009556513,26.12
0.540411147754757,26.14
0.5400166633075275,26.16
0.5313906509671673,26.18
0.5197483457005692,26.2
0.5081884475614218,26.22
0.5183525910756963,26.24
0.518513026645983,26.26
0.5203196932004752,26.28
0.5251151830258708,26.3
0.5251697567028385,26.32
0.54096508315435,26.34
0.5404281669933599,26.36
0.5327434141137279,26.38
0.5206488448490943,26.4
0.5254578028775576,26.42
0.521620526898407,26.44
0.5239063764459125,26.46
0.5280407886482988,26.48
0.5325973698112613,26.5
0.5485668729316501,26.52
0.5530604448044354,26.54
0.5480589330831099,26.56
0.5431742958333042,26.58
0.5508612748302165,26.6
0.5598359134354517,26.62
0.5619746680731164,26.64
0.5636969711616605,26.66
0.5651531409251324,26.68
0.5681218933939876,26.7
0.5718952703020558,26.72
0.5672376457838274,26.74
0.5729614540079796,26.76
0.5731115476698425,26.78
0.5744769026477542,26.8
0.566017034141671,26.82
0.565971417650726,26.84
0.5676549550862142,26.86
0.5717830623808507,26.88
0.5741548371612168,26.9
0.5719850576772246,26.92
0.5822926727335589,26.94
0.5804582088255948,26.96
0.5784032316791852,26.98
0.5696081405378418,27.0
0.5620063336199173,27.02
0.546371554422422,27.04
0.5360436410574357,27.06
0.5336875848731186,27.08
0.5334985199844735,27.1
0.5413973217778021,27.12
0.5481095841954697,27.14
0.5581648141752064,27.16
0.5677506670057264,27.18
0.5710883535873394,27.2
0.5728252031725565,27.22
0.574060614542233,27.24
0.5774663637728641,27.26
0.5786729247321408,27.28
0.5748418406309183,27.3
0.5751966063370022,27.32
0.5666925137878372,27.34
0.5601525147498465,27.36
0.5535423292356532,27.38
0.5467993247865636,27.4
0.5353416115773633,27.42
0.5352697207116976,27.44
0.5499826837558555,27.46
0.5486473212087594,27.48
0.5582937610530859,27.5
0.5519641358697414,27.52
0.5522586267250307,27.54
0.548850029328544,27.56
0.5479535627268723,27.58
0.5531493008796419,27.6
0.5688149759682453,27.62
0.5866998512361391,27.64
0.585377651864068,27.66
0.5900015809192194,27.68
0.5817423534125761,27.7
0.5840726916650629,27.72
0.5755556703430081,27.74
0.5692562768825681,27.76
0.5595910497064919,27.78
0.562399897085348,27.8
0.5770420522936237,27.82
0.5787528105527995,27.84
0.5885147203976437,27.86
0.5950351284050935,27.88
0.6024120017827913,27.9
0.5922852223564612,27.92
0.5855926147040434,27.94
0.5716252001124658,27.96
0.5748494377916534,27.98
0.576713341591294,28.0
0.5797237096469522,28.02
0.5960498353559975,28.04
0.5945960898455901,28.06
0.584014836553624,28.08
0.5782690457977864,28.1
0.5749695885171412,28.12
0.5738512881452864,28.14
0.5816436979537488,28.16
0.5837350541959715,28.18
0.5930652579140333,28.2
0.5981570162952061,28.22
0.5912785906488437,28.24
0.5782828203144421,28.26
0.5670567160032,28.28
0.565579717190194,28.3
0.5676872684727042,28.32
0.5697834078572076,28.34
0.5609481663417858,28.36
0.563032470799836,28.38
0.5637255443230685,28.4
0.5618954340186367,28.42
0.551257374404718,28.44
0.5393326676054637,28.46
0.5510291125252392,28.48
0.5552412083827416,28.5
0.5521675909715491,28.52
0.5424756608361148,28.54
0.5423224758358549,28.56
0.5396988869618776,28.58
0.5371129877224496,28.6
0.5279607967421207,28.62
0.5276887690099877,28.64
0.5413837530066868,28.66
0.5495830164800333,28.68
0.5486792940104834,28.7
0.5463028950974967,28.72
0.5471970803785584,28.74
0.54587165160696,28.76
0.5535056970608075,28.78
0.5573105414484387,28.8
0.5580845501387096,28.82
0.5543212781915315,28.84
0.555515572328005,28.86
0.5476512154626756,28.88
0.5450320440576597,28.9
0.5481614559132626,28.92
0.5600145159916885,28.94
0.5684674804911262,28.96
0.5671961123464773,28.98
0.557554971012309,29.0
0.5439523895394979,29.02
0.5381192419605528,29.04
0.5292510734985207,29.06
0.5258332130647412,29.08
0.5302887381700371,29.1
0.540714017949644,29.12
0.5374184300088669,29.14
0.5377666166254983,29.16
0.5422779521221446,29.18
0.5494015921670267,29.2
0.5571427134440416,29.22
0.5689711989193335,29.24
0.5747097649133215,29.26
0.5834146243758435,29.28
0.5856962560453067,29.3
0.581745397661026,29.32
0.5802165524417449,29.34
0.5799366238433509,29.36
0.5800633823966288,29.38
0.5773988881015244,29.4
0.5737954084732835,29.42
0.5848859557713147,29.44
0.5973449701906266,29.46
0.5966762345205947,29.48
0.591993256548992,29.5
0.5930461355916434,29.52
0.5909079763788988,29.54
0.5846782644771347,29.56
0.5704784797666984,29.58
0.5624362504037665,29.6
0.5697184013004337,29.62
0.5675491906181208,29.64
0.5582634302986358,29.66
0.564649250471954,29.68
0.5691440500428808,29.7
0.5741290636862895,29.72
0.5776591150894594,29.74
0.5703490662053982,29.76
0.5775747588722133,29.78
0.5756128819497697,29.8
0.5635516339563073,29.82
0.5627556686655824,29.84
0.5720654434099004,29.86
0.5647816344738127,29.88
0.5641274615641454,29.9
0.5656137221668763,29.92
0.5659207599963115,29.94
0.5757259483644905,29.96
0.5783571219354764,29.98
