disp,time
0.9686655719633834,0.0
0.9362543248076782,0.02
0.9256910675871171,0.04
0.9395936931792876,0.06
0.9530452700706417,0.08
0.9756459889440424,0.1
0.9197037210457574,0.12
0.9250816235390811,0.14
0.988502435495774,0.16
1.0,0.18
0.9344934094896803,0.2
0.9077988269027871,0.22
0.9027445771011388,0.24
0.9755558442844117,0.26
0.9340227179562199,0.28
0.9192666969900682,0.3
0.9714411176033595,0.32
0.9427769823059229,0.34
0.9344934094896804,0.36
0.9446153606376416,0.38
0.9888474374200726,0.4
0.9457954486342584,0.42
0.9440091048240593,0.44
0.8747603250793039,0.46
0.9603376348159216,0.48
0.9135287547707002,0.5
0.9193403390300222,0.52
0.9159219190261721,0.54
0.9372224485632168,0.56
0.8920288674535714,0.58
0.8936668320808946,0.6
0.9022868106894818,0.62
0.8873605206407896,0.64
0.8414829891514246,0.66
0.8852284089941276,0.68
0.9104019792673141,0.7
0.8429439204278691,0.72
0.9251185442567357,0.74
0.8396901519511009,0.76
0.9269528141116362,0.78
0.8068351641167995,0.8
0.8735637423236818,0.82
0.9209363635261285,0.84
0.8867104709079424,0.86
0.9204994795352192,0.88
0.9360173797194281,0.9
0.855530303174813,0.92
0.9101134172605042,0.94
0.8255308825895222,0.96
0.9077988269027871,0.98
0.8811990880032938,1.0
0.9426057849281001,1.02
0.9309429413102369,1.04
0.988502435495774,1.06
0.904953751958447,1.08
0.910299774503334,1.1
0.9429781893100944,1.12
0.9022868106894818,1.14
0.8484955821326565,1.16
0.8178767811311615,1.18
0.8617345442028846,1.2
0.8628147547081537,1.22
0.8538984899506222,1.24
0.8932610993510686,1.26
0.899901255752749,1.28
0.8837696200713732,1.3
0.8210846623799561,1.32
0.910627556732644,1.34
0.8124252668479617,1.36
0.8161507579352002,1.38
0.8557020499473627,1.4
0.834684037416175,1.42
0.8604888980337848,1.44
0.8300561135604212,1.46
0.8678553870875032,1.48
0.7858861296156555,1.5
0.8419769675910286,1.52
0.8837696200713733,1.54
0.8755670047494463,1.56
0.8572315012533585,1.58
0.8434892917955944,1.6
0.8475128540286525,1.62
0.8202449156947466,1.64
0.8300561135604214,1.66
0.9204994795352192,1.68
0.8425523964055003,1.7
0.8871045524276089,1.72
0.8432312276654138,1.74
0.8419769675910286,1.76
0.8844761317823783,1.78
0.8493870162732553,1.8
0.855530303174813,1.82
0.8889879410655446,1.84
0.8816125473338183,1.86
0.8883580450968565,1.88
0.8895769727403522,1.9
0.8786282326604478,1.92
0.8505601078086741,1.94
0.899655008450682,1.96
0.8252750331955327,1.98
0.8248054891888127,2.0
0.9165546128209641,2.02
0.864016973112108,2.04
0.8449222066514023,2.06
0.846118284567611,2.08
0.9078952046357849,2.1
0.8664086681943177,2.12
0.8269170526450691,2.14
0.9223625540839876,2.16
0.8514349239854808,2.18
0.8658949248369271,2.2
0.8826939804333709,2.22
0.9077784315999814,2.24
0.8911351020914803,2.26
0.8542262110517986,2.28
0.8441150296064817,2.3
0.8755670047494463,2.32
0.8114472018239675,2.34
0.8724262222331864,2.36
0.8746292253124219,2.38
0.8920288674535711,2.4
0.8906473720760976,2.42
0.8145554383428931,2.44
0.8889879410655446,2.46
0.8288774275092439,2.48
0.8235991462061609,2.5
0.8290243417342051,2.52
0.7770863066377208,2.54
0.8120232217203752,2.56
0.7607127998025572,2.58
0.7367345805193755,2.6
0.8182629519088593,2.62
0.789506290192189,2.64
0.7988691768660818,2.66
0.8099307708891662,2.68
0.7808353311516965,2.7
0.8006027311124859,2.72
0.8006027311124859,2.74
0.766107202581717,2.76
0.7591476936459476,2.78
0.8026513904334027,2.8
0.6866631267871853,2.82
0.7844504196028593,2.84
0.6616512206936512,2.86
0.7591818513717292,2.88
0.7150168210321418,2.9
0.663477918320411,2.92
0.6359681125025394,2.94
0.6773870260008058,2.96
0.7000333036955401,2.98
0.5483391461509622,3.0
0.5512876430045738,3.02
0.5483391461509622,3.04
0.5414578337236776,3.06
0.5068515847639489,3.08
0.4642399612073077,3.1
0.5563403004228475,3.12
0.49329823919123816,3.14
0.4431112448978973,3.16
0.42835832160850784,3.18
0.4051417291002122,3.2
0.5300239329486393,3.22
0.4499707727174165,3.24
0.37357532088479006,3.26
0.34251145552650153,3.28
0.3220581894853501,3.3
0.4154322851513645,3.32
0.36188663564240187,3.34
0.41796387303066707,3.36
0.43013149079239066,3.38
0.43862299820218653,3.4
0.40248562993544373,3.42
0.4258575133704644,3.44
0.39747800449547277,3.46
0.36873186633752986,3.48
0.3489103995331607,3.5
0.29263718537477695,3.52
0.2822755609154621,3.54
0.2685282044910874,3.56
0.2602782858891399,3.58
0.3451992716900646,3.6
0.36047793338586437,3.62
0.2679052888429607,3.64
0.2887929039909189,3.66
0.3560267638021228,3.68
0.3569931205869342,3.7
0.422104946316397,3.72
0.3499349529778806,3.74
0.4040615129004447,3.76
0.4295608619167218,3.78
0.4404311280169289,3.8
0.4879372314590632,3.82
0.4771139052644249,3.84
0.39747800449547277,3.86
0.52898612209797,3.88
0.5880590975680535,3.9
0.47046107190082914,3.92
0.47439670444716486,3.94
0.4641256913129817,3.96
0.48288965376117643,3.98
0.44199047586916057,4.0
0.43408189224994115,4.02
0.4521381441289897,4.04
0.516577947413028,4.06
0.4825874255427848,4.08
0.5465268965662977,4.1
0.44009119353766996,4.12
0.5289542952853366,4.14
0.4822942707563877,4.16
0.4581703909228388,4.18
0.4879372314590633,4.2
0.5115132783561016,4.22
0.5376624509556819,4.24
0.4991836125280629,4.26
0.5245579507477526,4.28
0.4879372314590633,4.3
0.5014540416752272,4.32
0.6132474895537587,4.34
0.5290127494393668,4.36
0.5014540416752272,4.38
0.45290290058578747,4.4
0.5465268965662978,4.42
0.5165779474130281,4.44
0.5601588067111904,4.46
0.6197242791157908,4.48
0.5452486734847428,4.5
0.5428046973536983,4.52
0.6193634799540519,4.54
0.5330591188045144,4.56
0.5499619276557065,4.58
0.5750577109773636,4.6
0.624620834046104,4.62
0.5884506153913126,4.64
0.5870776041762873,4.66
0.613009658335147,4.68
0.5786766224168871,4.7
0.5960287624524483,4.72
0.5289542952853367,4.74
0.5590331300929997,4.76
0.5902664954467522,4.78
0.607057321651364,4.8
0.546210257582671,4.82
0.574157487098213,4.84
0.5923113364807785,4.86
0.574157487098213,4.88
0.5964281599822644,4.9
0.5792237732162073,4.92
0.5121369493780039,4.94
0.5280402450278949,4.96
0.5498293851112281,4.98
0.5545080420136397,5.0
0.6274690547030415,5.02
0.5870776041762873,5.04
0.5440084905928748,5.06
0.5256642718642355,5.08
0.6096037494676334,5.1
0.5617507030244152,5.12
0.5492045716309633,5.14
0.6041363122901358,5.16
0.5880590975680536,5.18
0.5979703762306937,5.2
0.5992840576693284,5.22
0.6272077490925099,5.24
0.5617507030244152,5.26
0.6222996382430214,5.28
0.5886193847886044,5.3
0.6197242791157908,5.32
0.5327359402616952,5.34
0.5786766224168871,5.36
0.5882647635595599,5.38
0.5289542952853367,5.4
0.5726701064942635,5.42
0.5440084905928749,5.44
0.5299060819692382,5.46
0.4758842908143944,5.48
0.5408179048472291,5.5
0.6129057932840934,5.52
0.5675817978802397,5.54
0.6104040450554269,5.56
0.630732447884614,5.58
0.6390467289787481,5.6
0.5904395167280199,5.62
0.5450296832888629,5.64
0.6093289168568629,5.66
0.5942369923698454,5.68
0.5524177792397327,5.7
0.5750177475811273,5.72
0.5494086255912957,5.74
0.6091212642919325,5.76
0.5468985039248299,5.78
0.5531784740458175,5.8
0.4932982391912382,5.82
0.561726172889412,5.84
0.6082155959165041,5.86
0.5269135387257219,5.88
0.5358132937089508,5.9
0.5416357360628568,5.92
0.4350424558657509,5.94
0.5452486734847428,5.96
0.548220102272217,5.98
0.632558741058347,6.0
0.5603021164290394,6.02
0.5368997063798103,6.04
0.5298606713093862,6.06
0.5116656853536857,6.08
0.5235565279329032,6.1
0.5097642876013875,6.12
0.526227005465004,6.14
0.5441565596872047,6.16
0.5123117606921974,6.18
0.5380186793340281,6.2
0.520662955169603,6.22
0.527120903457483,6.24
0.5155208341648873,6.26
0.5450296832888629,6.28
0.5198550446980785,6.3
0.5561963612726675,6.32
0.5531784740458175,6.34
0.4909700679339866,6.36
0.4902426500629996,6.38
0.4992241229303752,6.4
0.47002952986403285,6.42
0.517608406485508,6.44
0.5033151370021611,6.46
0.5601588067111904,6.48
0.5456993865763956,6.5
0.5672179702084056,6.52
0.49545919596311905,6.54
0.46425834325908993,6.56
0.48989296289745676,6.58
0.5069347442754354,6.6
0.47626952167055464,6.62
0.5108124569151334,6.64
0.4698321265362309,6.66
0.5173614599089152,6.68
0.5161988093714636,6.7
0.47082157645556244,6.72
0.43900733623204985,6.74
0.4642048565431822,6.76
0.5069347442754354,6.78
0.542730660574362,6.8
0.47647095450612154,6.82
0.464239961207308,6.84
0.476892842252082,6.86
0.4461108411379019,6.88
0.48757496904597486,6.9
0.45245744178407216,6.92
0.478759091643346,6.94
0.4838551926174749,6.96
0.5094696754585848,6.98
0.42329380080035844,7.0
0.49431508577998334,7.02
0.4640970425354535,7.04
0.4902426500629998,7.06
0.4751775630025749,7.08
0.525939465729229,7.1
0.46964561696955925,7.12
0.49297090991018366,7.14
0.5427306605743621,7.16
0.5122348781589093,7.18
0.4642048565431822,7.2
0.4753468349065108,7.22
0.5248792074960136,7.24
0.44076116320331876,7.26
0.4477254726309553,7.28
0.5366567853264927,7.3
0.48869482735104747,7.32
0.48120468205507727,7.34
0.48146533979912814,7.36
0.48173359585989267,7.38
0.5136565790855825,7.4
0.4768928422520821,7.42
0.49431508577998334,7.44
0.448702640997164,7.46
0.4529029005857876,7.48
0.49431508577998334,7.5
0.4481318572594146,7.52
0.4131671731667198,7.54
0.47439670444716514,7.56
0.4977142234331995,7.58
0.43818734738777015,7.6
0.4868811800137626,7.62
0.4208431131673656,7.64
0.46415598980635886,7.66
0.44832708836255925,7.68
0.46423996120730804,7.7
0.39405949740403856,7.72
0.4585134034245731,7.74
0.4934059545763859,7.76
0.5173614599089152,7.78
0.5301023268089922,7.8
0.5122348781589093,7.82
0.49771422343319954,7.84
0.4917374403109711,7.86
0.5181681140724207,7.88
0.47711390526442515,7.9
0.537279963925779,7.92
0.552653754802852,7.94
0.5058577041160492,7.96
0.5231865094126776,7.98
0.4327165290899205,8.0
0.4580955016136581,8.02
0.4181521031868765,8.04
0.4695561694047829,8.06
0.475346834906511,8.08
0.41999729000944974,8.1
0.4534417843772488,8.12
0.487574969045975,8.14
0.545248673484743,8.16
0.4105224016597431,8.18
0.45809550161365825,8.2
0.519867893761769,8.22
0.48591108866707217,8.24
0.44684260870185755,8.26
0.4640970425354537,8.28
0.47569998573815336,8.3
0.48095130451515766,8.32
0.4524574417840725,8.34
0.48173359585989284,8.36
0.5056443271766663,8.38
0.4755209068063211,8.4
0.5372799639257793,8.42
0.5038445811933276,8.44
0.49172712919637374,8.46
0.4797836472134436,8.48
0.458313607301247,8.5
0.38317257426692586,8.52
0.49677563565533994,8.54
0.4523001577125218,8.56
0.3854351374599203,8.58
0.4416960122769157,8.6
0.49880615961817865,8.62
0.46423996120730804,8.64
0.46414062556558583,8.66
0.48146533979912837,8.68
0.5053094853242541,8.7
0.528040245027895,8.72
0.4443160996281734,8.74
0.5181681140724207,8.76
0.4641111692470235,8.78
0.528142776528484,8.8
0.49918361252806315,8.82
0.503277900493099,8.84
0.4697375671761319,8.86
0.45290290058578764,8.88
0.5437719607514931,8.9
0.4879372314590635,8.92
0.4254764430613566,8.94
0.47647095450612176,8.96
0.47978364721344363,8.98
0.4804652039199528,9.0
0.4455852264247305,9.02
0.4270058417420045,9.04
0.4766786298213879,9.06
0.47425246547760486,9.08
0.47833447440844007,9.1
0.49630686682704556,9.12
0.5347580557943509,9.14
0.5148598501794329,9.16
0.48288965376117676,9.18
0.43781632974522106,9.2
0.4569783542508524,9.22
0.42789035364367606,9.24
0.4643820709596872,9.26
0.5046591181226783,9.28
0.4410817248814996,9.3
0.515076497099274,9.32
0.4753468349065111,9.34
0.4845528612061834,9.36
0.5115132783561018,9.38
0.42119267235005103,9.4
0.43781632974522106,9.42
0.45213814412898995,9.44
0.5153485951856703,9.46
0.42264029777028517,9.48
0.3595362144488874,9.5
0.4883103525669815,9.52
0.470348243892706,9.54
0.45162149291230574,9.56
0.3700191233659391,9.58
0.4157438046449242,9.6
0.4360322890960683,9.62
0.45719810886949197,9.64
0.39764071826696473,9.66
0.3998733710650177,9.68
0.42644064950250804,9.7
0.4208431131673656,9.72
0.4302360634654986,9.74
0.3720160866697922,9.76
0.42192916983466094,9.78
0.3909299656331859,9.8
0.30656256523135056,9.82
0.29217692009269275,9.84
0.42018270512033135,9.86
0.3435084547365284,9.88
0.33642648600372077,9.9
0.3382071180253394,9.92
0.34087137916051347,9.94
0.4069459089849551,9.96
0.3813050104141701,9.98
0.3902692212007886,10.0
0.4014678863964535,10.02
0.38585047293276525,10.04
0.30906792805168154,10.06
0.3225076556760363,10.08
0.3039787231907501,10.1
0.2281497672651227,10.12
0.32443439383516787,10.14
0.3102846297613592,10.16
0.34087137916051347,10.18
0.3269738080517778,10.2
0.29161416313744337,10.22
0.2583643220256868,10.24
0.2656601162963193,10.26
0.2849745736605808,10.28
0.2893315928532566,10.3
0.2792693293557396,10.32
0.366397360812829,10.34
0.3012392388756501,10.36
0.3525557045422555,10.38
0.3652067627577018,10.4
0.41067720520890344,10.42
0.37795287693074053,10.44
0.3974190232230856,10.46
0.3682211236469118,10.48
0.38035623583197214,10.5
0.36188663564240264,10.52
0.3205283727118813,10.54
0.3684586797182004,10.56
0.3938176832876508,10.58
0.35076184647257597,10.6
0.35494312878041934,10.62
0.32369924751548923,10.64
0.3945454424664187,10.66
0.3757856995845623,10.68
0.3720334739042455,10.7
0.3636993462838342,10.72
0.4015457311253351,10.74
0.4286016524434491,10.76
0.4139456515323681,10.78
0.34633775982331877,10.8
0.42958949920727985,10.82
0.3687318663375309,10.84
0.3125937433686372,10.86
0.4258575133704652,10.88
0.37931979247174763,10.9
0.4385037181506682,10.92
0.41705061471702654,10.94
0.4227080957558744,10.96
0.37010181931883585,10.98
0.3899151797674404,11.0
0.35983079017268693,11.02
0.3684586797182004,11.04
0.44227694464899514,11.06
0.40595546954439987,11.08
0.4112109944868852,11.1
0.4340818922499417,11.12
0.3776127183122621,11.14
0.3983896898492624,11.16
0.39736994820714266,11.18
0.35163340027184825,11.2
0.37841290500446134,11.22
0.3636993462838342,11.24
0.4109757262462971,11.26
0.407732384251624,11.28
0.41750155682540474,11.3
0.40057645151771865,11.32
0.4147003323000645,11.34
0.36659382611567715,11.36
0.3771190647027698,11.38
0.45331248788115247,11.4
0.45392644541644966,11.42
0.431828444284093,11.44
0.40858026888325333,11.46
0.46983212653623124,11.48
0.3991281280435364,11.5
0.4227080957558745,11.52
0.4812046820550778,11.54
0.38327168328764727,11.56
0.4067301675298546,11.58
0.4536903681454654,11.6
0.5032779004930992,11.62
0.3931830518458661,11.64
0.4278903536436763,11.66
0.41052240165974335,11.68
0.42114574374360597,11.7
0.4440833291181709,11.72
0.39354973988442005,11.74
0.4360322890960687,11.76
0.4020386499918085,11.78
0.4092297481284077,11.8
0.40057645151771853,11.82
0.3609835985234461,11.84
0.3580481545477804,11.86
0.4199972900094501,11.88
0.4535677008639969,11.9
0.40428243373718337,11.92
0.33406691817091694,11.94
0.399332311579254,11.96
0.42958949920727985,11.98
0.4330338918093033,12.0
0.40858026888325344,12.02
0.38853164998693257,12.04
0.3636993462838342,12.06
0.4031406022417143,12.08
0.37283630730832645,12.1
0.37095314866052065,12.12
0.385244333887318,12.14
0.3609835985234461,12.16
0.35920464193380347,12.18
0.3627485310201135,12.2
0.4154322851513652,12.22
0.37010181931883585,12.24
0.3682211236469118,12.26
0.40428243373718337,12.28
0.43492599612919175,12.3
0.36509738268863173,12.32
0.4161425169014867,12.34
0.3693911078332383,12.36
0.4483270883625596,12.38
0.368012654305049,12.4
0.4138617581909606,12.42
0.4051417291002128,12.44
0.313358554219434,12.46
0.3434551986906494,12.48
0.38022866519862697,12.5
0.3620769462972937,12.52
0.32582123417055603,12.54
0.34489248608238476,12.56
0.3863253163493092,12.58
0.3931830518458661,12.6
0.39229930867731244,12.62
0.4259852909237834,12.64
0.3560267638021235,12.66
0.38853164998693257,12.68
0.45331248788115247,12.7
0.47569998573815364,12.72
0.4264406495025085,12.74
0.3853334101467596,12.76
0.4015971085975314,12.78
0.36889836256580355,12.8
0.3875269638109494,12.82
0.47569998573815353,12.84
0.43224084691605985,12.86
0.42960969981168,12.88
0.37382162934537116,12.9
0.39046378736006315,12.92
0.34135540102365486,12.94
0.37330046138897127,12.96
0.41067720520890344,12.98
0.3864951592221871,13.0
0.35689607643653837,13.02
0.46992940769211455,13.04
0.4640568794125159,13.06
0.34900975196818274,13.08
0.3843158636527432,13.1
0.4425557395687338,13.12
0.4244158106173128,13.14
0.38434574041307945,13.16
0.3592046419338036,13.18
0.3895102608670257,13.2
0.41121099448688536,13.22
0.40514172910021296,13.24
0.45261020041438776,13.26
0.40200346509279045,13.28
0.4694691236891686,13.3
0.4007954028412621,13.32
0.3895102608670257,13.34
0.3684586797182004,13.36
0.38022866519862714,13.38
0.39561829940111537,13.4
0.4088753115377316,13.42
0.40502382747346843,13.44
0.4007954028412621,13.46
0.46425834325909054,13.48
0.41654606305904673,13.5
0.4488833371441656,13.52
0.37382162934537133,13.54
0.40678758420635586,13.56
0.47734215268325547,13.58
0.38555241697795867,13.6
0.41097572624629725,13.62
0.4690667501226876,13.64
0.3728363073083269,13.66
0.3442534451376464,13.68
0.4586375363803916,13.7
0.42223475609755234,13.72
0.3877962147143637,13.74
0.3651328601743733,13.76
0.4259852909237837,13.78
0.4161425169014871,13.8
0.44199047586916157,13.82
0.4075761545494086,13.84
0.4264805866539729,13.86
0.4015971085975316,13.88
0.40685787298717296,13.9
0.42148356422001637,13.92
0.4222347560975524,13.94
0.4433490431439574,13.96
0.481465339799129,13.98
0.4397409081064471,14.0
0.46435968607729045,14.02
0.42910273864027443,14.04
0.4968450419239116,14.06
0.48869482735104824,14.08
0.4453100196043425,14.1
0.42148356422001626,14.12
0.40378169014759113,14.14
0.5181681140724215,14.16
0.5101315332094867,14.18
0.47689284225208284,14.2
0.4033974540198768,14.22
0.40514172910021307,14.24
0.4508516019922561,14.26
0.42910273864027443,14.28
0.4582430604011498,14.3
0.4386229982021876,14.32
0.46405687941251617,14.34
0.39747800449547405,14.36
0.3897230743213277,14.38
0.3651328601743733,14.4
0.38847559009946786,14.42
0.3651785745227402,14.44
0.3877962147143636,14.46
0.41028596164954945,14.48
0.39092996563318677,14.5
0.4201827051203319,14.52
0.37357532088479106,14.54
0.3915775915070692,14.56
0.37795287693074076,14.58
0.3614138752868666,14.6
0.4207738897489472,14.62
0.35167933987612443,14.64
0.3401770308238293,14.66
0.3141753856570562,14.68
0.3516537955639977,14.7
0.3152119158217929,14.72
0.2887929039909196,14.74
0.2541077217650905,14.76
0.26755865406769885,14.78
0.3757856995845623,14.8
0.3259002314567091,14.82
0.32443439383516826,14.84
0.26329081027575935,14.86
0.3210052390953989,14.88
0.3198445768166986,14.9
0.3169426621338949,14.92
0.31567616502673584,14.94
0.17811266902775716,14.96
0.25808533498406844,14.98
0.24023119327773132,15.0
0.20989623167498514,15.02
0.29278508974974293,15.04
0.23812864271691037,15.06
0.23009056422579383,15.08
0.2212162159843906,15.1
0.2432088550909588,15.12
0.20807974700959042,15.14
0.25030127383481543,15.16
0.2477858019830773,15.18
0.1983957724918448,15.2
0.27382309585267994,15.22
0.2741377452547247,15.24
0.2921391923689097,15.26
0.27672610852269997,15.28
0.27343397216508936,15.3
0.2675586540676992,15.32
0.3141753856570567,15.34
0.27674764618824316,15.36
0.25728073616282077,15.38
0.29958470812311805,15.4
0.27672610852269997,15.42
0.27902371177836344,15.44
0.325469596808864,15.46
0.2945905372152484,15.48
0.33029206619018336,15.5
0.22800862414633694,15.52
0.2792021949047937,15.54
0.27926932935574034,15.56
0.2766743450738315,15.58
0.2608323304582621,15.6
0.23094434370206446,15.62
0.3598307901726871,15.64
0.29006204326065194,15.66
0.28164092097610305,15.68
0.2631329706305995,15.7
0.33554059746386433,15.72
0.32508646594790896,15.74
0.3065259655367279,15.76
0.36913071329178937,15.78
0.2792021949047933,15.8
0.34266604332672745,15.82
0.2939542014912307,15.84
0.3491858771655113,15.86
0.31128261788164785,15.88
0.2742296596350078,15.9
0.34850413230403493,15.92
0.3288191277184037,15.94
0.3691307132917892,15.96
0.327549710535537,15.98
0.3463377598233189,16.0
0.3463142251489286,16.02
0.33559866256882165,16.04
0.3065259655367279,16.06
0.28607310640991374,16.08
0.29448743768599706,16.1
0.31791419440115315,16.12
0.3482029142658143,16.14
0.3671538701158823,16.16
0.38175626525645806,16.18
0.3290366946069147,16.2
0.28164092097610305,16.22
0.3113438022521951,16.24
0.3598307901726871,16.26
0.3698349386367732,16.28
0.319107492621889,16.3
0.30330171845691817,16.32
0.36387002385208467,16.34
0.35779732032681477,16.36
0.3638192397887671,16.38
0.3322077614080205,16.4
0.3217155699980042,16.42
0.38649515922218736,16.44
0.3062358062317126,16.46
0.3490097519681829,16.48
0.36054557812486576,16.5
0.37803938621058575,16.52
0.29459053721524786,16.54
0.36098359852344647,16.56
0.3149947868492245,16.58
0.34266604332672723,16.6
0.37453323512833553,16.62
0.3861763454833957,16.64
0.3404764934323316,16.66
0.4259852909237835,16.68
0.36138368761712536,16.7
0.3491858771655113,16.72
0.36155396094558334,16.74
0.29213919236890934,16.76
0.3244483832583871,16.78
0.3060078672901294,16.8
0.39645443548572445,16.82
0.35482465755785525,16.84
0.36751663507703725,16.86
0.37010181931883585,16.88
0.35313638839094225,16.9
0.35313638839094225,16.92
0.4114011876710586,16.94
0.3580481545477804,16.96
0.3861763454833958,16.98
0.3663145588178938,17.0
0.38543513745992103,17.02
0.33406691817091727,17.04
0.3487806615928099,17.06
0.33572923649044717,17.08
0.36738381990428676,17.1
0.31909889736574076,17.12
0.38022866519862747,17.14
0.40523747114137537,17.16
0.3191074926218888,17.18
0.32223416237963454,17.2
0.41440116579056974,17.22
0.399332311579254,17.24
0.3791480917732303,17.26
0.3438381203971713,17.28
0.3981517356103992,17.3
0.35163340027184836,17.32
0.34425344513764633,17.34
0.3197007800420918,17.36
0.3989548052232543,17.38
0.3877962147143636,17.4
0.3751215612593872,17.42
0.358430751299708,17.44
0.3615539609455832,17.46
0.36252371360867547,17.48
0.3062358062317124,17.5
0.3780393862105857,17.52
0.43224084691605985,17.54
0.38109918704703244,17.56
0.36766393857461005,17.58
0.3340731149786495,17.6
0.4199972900094501,17.62
0.37073085467850725,17.64
0.3396105266201717,17.66
0.33820711802533987,17.68
0.36511406947620934,17.7
0.35920464193380347,17.72
0.35234512818070096,17.74
0.33781655673462596,17.76
0.35699312058693483,17.78
0.30455516635990143,17.8
0.4216973889296122,17.82
0.27674764618824244,17.84
0.337647403947368,17.86
0.3740084431607847,17.88
0.36511406947620934,17.9
0.41763963793370396,17.92
0.33580299472388375,17.94
0.38431586365274295,17.96
0.3667115774682516,17.98
0.36376269379623505,18.0
0.34730932999804887,18.02
0.3580481545477804,18.04
0.35953621444888784,18.06
0.3716334515477929,18.08
0.40599351060006506,18.1
0.3771190647027696,18.12
0.35161673969406726,18.14
0.3636993462838342,18.16
0.31033113754104036,18.18
0.2944874376859969,18.2
0.3695937110325442,18.22
0.37203347390424574,18.24
0.3819277648617313,18.26
0.36098359852344647,18.28
0.3491858771655113,18.3
0.35163340027184836,18.32
0.31335855421943415,18.34
0.2944874376859969,18.36
0.3500898537553369,18.38
0.36766393857461005,18.4
0.40908920422879286,18.42
0.3485041323040346,18.44
0.4187844121065631,18.46
0.421483564220016,18.48
0.39648426581762136,18.5
0.32590023145670893,18.52
0.38088873986633537,18.54
0.37453323512833553,18.56
0.3524393194980292,18.58
0.4075761545494084,18.6
0.3943257838455393,18.62
0.42743262555382083,18.64
0.3919193386873173,18.66
0.3695937110325442,18.68
0.38219982421528,18.7
0.34074507599189136,18.72
0.33580299472388375,18.74
0.35021604273875667,18.76
0.36252371360867547,18.78
0.38543513745992086,18.8
0.4028451541625492,18.82
0.34208762305119805,18.84
0.3036015505437001,18.86
0.3114981467509327,18.88
0.34135540102365486,18.9
0.43052242722539125,18.92
0.36631455881789354,18.94
0.37095314866052065,18.96
0.3356613505869589,18.98
0.39229930867731244,19.0
0.33580299472388375,19.02
0.34074507599189136,19.04
0.4586375363803913,19.06
0.272148889503367,19.08
0.35804815454778,19.1
0.3304600057424076,19.12
0.3574170060354655,19.14
0.3280353900676164,19.16
0.3220581894853508,19.18
0.3093593406027415,19.2
0.36868975690898387,19.22
0.3217155699980039,19.24
0.354943128780419,19.26
0.279417417316672,19.28
0.3157022037968872,19.3
0.3442534451376464,19.32
0.4059935106000649,19.34
0.3565177224632831,19.36
0.40113810728890203,19.38
0.3463142251489286,19.4
0.40248562993544423,19.42
0.3600942337712553,19.44
0.3203724112371319,19.46
0.3964544354857239,19.48
0.41815210318687657,19.5
0.3903831005038868,19.52
0.36631455881789354,19.54
0.3665938261156769,19.56
0.3618866356424025,19.58
0.3340731149786495,19.6
0.3004460051797529,19.62
0.3651541794540085,19.64
0.3474883538701919,19.66
0.39637640961157994,19.68
0.38035623583197214,19.7
0.3280353900676164,19.72
0.4014678863964539,19.74
0.34637081195683106,19.76
0.3382071180253397,19.78
0.42399149754515014,19.8
0.38972307432132747,19.82
0.3145604771207917,19.84
0.3583986255275562,19.86
0.32497843917061675,19.88
0.3551534402127758,19.9
0.3670010192068976,19.92
0.3682211236469117,19.94
0.31824578236241247,19.96
0.30688351676352454,19.98
0.3156761650267351,20.0
0.2620439281759489,20.02
0.2985613183567995,20.04
0.27343397216508847,20.06
0.2533717727397337,20.08
0.2949445737832815,20.1
0.25968554783615266,20.12
0.2794993526785873,20.14
0.256572403561079,20.16
0.25247976648087117,20.18
0.28246301339261637,20.2
0.21232757076923495,20.22
0.29648956442331265,20.24
0.2234219483043558,20.26
0.28337199936344837,20.28
0.17314167046200155,20.3
0.2994333685499199,20.32
0.15564600094373818,20.34
0.24023119327773096,20.36
0.21172554677400418,20.38
0.2080797470095901,20.4
0.25410772176509067,20.42
0.1820574996498505,20.44
0.11065909277976994,20.46
0.1321292362877482,20.48
0.24400268493812952,20.5
0.12491247175341941,20.52
0.12069347246276352,20.54
0.17892969737156794,20.56
0.187641479947581,20.58
0.11575790759918242,20.6
0.09846915937733793,20.62
0.14178867064144568,20.64
0.11758931619967448,20.66
0.14603840265699847,20.68
0.18121442121735293,20.7
0.16375098118605855,20.72
0.049662296748705224,20.74
0.10980711057757973,20.76
0.10038073295230418,20.78
0.08414100399484063,20.8
0.08881662012675487,20.82
0.12937247958405032,20.84
0.11685725107301694,20.86
0.10099683630270374,20.88
0.16870529073821336,20.9
0.1640943993864865,20.92
0.12976424707287318,20.94
0.14670446876994636,20.96
0.14306309055601657,20.98
0.1695687863661573,21.0
0.19471156737181497,21.02
0.16445317934196269,21.04
0.1213715269997762,21.06
0.18472640301327364,21.08
0.1707084878775991,21.1
0.16445317934196269,21.12
0.19387291176551713,21.14
0.21863454251298775,21.16
0.2020040697623009,21.18
0.1913599924998482,21.2
0.18234921339623753,21.22
0.20096658622783106,21.24
0.25569847029622206,21.26
0.15806274246907315,21.28
0.1691685625405222,21.3
0.20076994205986853,21.32
0.1777194392614319,21.34
0.28227556091546296,21.36
0.22503783895651547,21.38
0.21336318338350213,21.4
0.19686511169044335,21.42
0.2795873240790588,21.44
0.22503783895651547,21.46
0.27672610852269997,21.48
0.24660898569458836,21.5
0.2622953873737237,21.52
0.28860777394086373,21.54
0.2567967381710861,21.56
0.3037854382544246,21.58
0.2601976931309801,21.6
0.3124302846033989,21.62
0.3011808874958143,21.64
0.291334947249159,21.66
0.304978179439639,21.68
0.36252371360867597,21.7
0.25030127383481526,21.72
0.33406691817091744,21.74
0.2457476997932351,21.76
0.30411399269409856,21.78
0.37735168659803453,21.8
0.29558572015108536,21.82
0.3306134814147063,21.84
0.29561890393413925,21.86
0.32236264757170613,21.88
0.3073892004100674,21.9
0.27357352515590133,21.92
0.32697739613206456,21.94
0.33255016732006537,21.96
0.3323621930410569,21.98
0.23077332144882168,22.0
0.3037854382544246,22.02
0.31910749262188914,22.04
0.29677573509032096,22.06
0.3650690497692709,22.08
0.313964137464669,22.1
0.291672138752794,22.12
0.282955919444551,22.14
0.26156955354724404,22.16
0.26858414654679547,22.18
0.3049389716370291,22.2
0.27672610852269997,22.22
0.269976545646394,22.24
0.2791391109693385,22.26
0.2788733004781312,22.28
0.29167213875279385,22.3
0.31033113754104075,22.32
0.27673718726998947,22.34
0.32546407654564075,22.36
0.33856523329692495,22.38
0.27431606180807433,22.4
0.25734269346805755,22.42
0.2828096269253645,22.44
0.2683606927689396,22.46
0.24186425170022163,22.48
0.2990062078265065,22.5
0.3264443795411874,22.52
0.3049389716370291,22.54
0.2740397738029871,22.56
0.26931909824029865,22.58
0.278785514201949,22.6
0.2882770853036515,22.62
0.28103774998046754,22.64
0.2912332292410098,22.66
0.27676690158107375,22.68
0.3160845552741839,22.7
0.32845442948607,22.72
0.3028551145165358,22.74
0.241864251700222,22.76
0.31216845889565376,22.78
0.2997985265638709,22.8
0.28581964795102777,22.82
0.2900620432606523,22.84
0.3037854382544248,22.86
0.3012392388756508,22.88
0.24219728925951498,22.9
0.26761408089434074,22.92
0.2631329706305997,22.94
0.28125865907689124,22.96
0.24842189238401388,22.98
0.32614510742084457,23.0
0.28344362063851664,23.02
0.30527591473114013,23.04
0.2725411448781535,23.06
0.2788733004781315,23.08
0.2648451185285556,23.1
0.2631329706305997,23.12
0.3157022037968879,23.14
0.341401041451842,23.16
0.3141753856570567,23.18
0.25496179178322503,23.2
0.2660397482412601,23.22
0.2789708007258205,23.24
0.2661442143409757,23.26
0.2556091622783735,23.28
0.24755424680431767,23.3
0.3167866207036754,23.32
0.2567967381710865,23.34
0.32271083254922167,23.36
0.27870605908227664,23.38
0.3004883226154164,23.4
0.3214457457121818,23.42
0.29773361219909067,23.44
0.2816409209761032,23.46
0.21006000881375597,23.48
0.21647751722175892,23.5
0.25920862940207146,23.52
0.24574769979323527,23.54
0.28877247841890846,23.56
0.29607965853431867,23.58
0.3093593406027422,23.6
0.3278023686125941,23.62
0.28860777394086373,23.64
0.24485915848442,23.66
0.2676140808943406,23.68
0.311282617881648,23.7
0.34383812039717154,23.72
0.2576101248697013,23.74
0.18190518500586841,23.76
0.28137870405439996,23.78
0.3174358345014024,23.8
0.25225076726286666,23.82
0.22643910728686018,23.84
0.23669541465363786,23.86
0.2225242511470488,23.88
0.30305765090385206,23.9
0.3057105070488751,23.92
0.2520946850747419,23.94
0.31445552777903873,23.96
0.28634175799482664,23.98
0.24658868708552895,24.0
0.24778580198307745,24.02
0.258173737878315,24.04
0.30305765090385206,24.06
0.31532291537486656,24.08
0.2871249030932805,24.1
0.3004692956508106,24.12
0.2415362568410015,24.14
0.25553689043278777,24.16
0.28083918239420674,24.18
0.2678767139235768,24.2
0.28137870405440035,24.22
0.28634175799482664,24.24
0.23589916992840199,24.26
0.274546744374978,24.28
0.23784439221104842,24.3
0.2556091622783737,24.32
0.32315046521536317,24.34
0.2606811061713139,24.36
0.2421972892595153,24.38
0.3174358345014027,24.4
0.23626850994634824,24.42
0.2345511904429136,24.44
0.34411428067882366,24.46
0.3049781794396392,24.48
0.31316059928431295,24.5
0.3272756648535417,24.52
0.25427427313121953,24.54
0.25761012486970164,24.56
0.31358779690601013,24.58
0.30299905525666343,24.6
0.27422965963500867,24.62
0.30123923887565135,24.64
0.28725387885968373,24.66
0.29395420149123175,24.68
0.21172554677400507,24.7
0.26484511852855597,24.72
0.30656256523135217,24.74
0.2215328843358876,24.76
0.2549924162871792,24.78
0.28972877963172355,24.8
0.18160145107797465,24.82
0.20010951794088225,24.84
0.28210079452144154,24.86
0.29060596208659245,24.88
0.23495931742325862,24.9
0.19898141050048565,24.92
0.2549752384075294,24.94
0.22820898559411426,24.96
0.245703429799382,24.98
0.22820898559411426,25.0
0.17232934307822995,25.02
0.15515823616621754,25.04
0.1789097930522725,25.06
0.14148375192228022,25.08
0.23541565550085258,25.1
0.09168249002210868,25.12
0.14645567031867143,25.14
0.11431016793461823,25.16
0.19433575449796248,25.18
0.18764147994758137,25.2
0.17314167046200227,25.22
0.11685725107301764,25.24
0.14641800605511276,25.26
0.18854982964365083,25.28
0.15131191083395223,25.3
0.25595972126009375,25.32
0.17314167046200227,25.34
0.14013527432615216,25.36
0.08505222314583497,25.38
0.10072052365576978,25.4
0.16742081688345067,25.42
0.18313099142974415,25.44
0.14266435434310926,25.46
0.1354249146699575,25.48
0.13837626064741562,25.5
0.18941053177369757,25.52
0.09292949847969492,25.54
0.11983935312574417,25.56
0.1505638455148449,25.58
0.12862025157508777,25.6
0.14219649344527155,25.62
0.1964840329805038,25.64
0.19839577249184537,25.66
0.15787808208422913,25.68
0.15380407261369414,25.7
0.17462378838824233,25.72
0.22793644941492444,25.74
0.17462378838824233,25.76
0.15082925485348048,25.78
0.17661738830170248,25.8
0.2140588546425903,25.82
0.17516272620061715,25.84
0.14659051482950192,25.86
0.1563480286792576,25.88
0.229521503559838,25.9
0.2167005521014124,25.92
0.19667760370029697,25.94
0.19387291176551785,25.96
0.195581355227981,25.98
0.1563480286792576,26.0
0.1922825688598795,26.02
0.20838378929037413,26.04
0.19833286947605847,26.06
0.21525999664316037,26.08
0.1794603922716768,26.1
0.2338519320447605,26.12
0.23784439221104842,26.14
0.2606811061713139,26.16
0.20323586144999836,26.18
0.21773951797234742,26.2
0.14673025119875222,26.22
0.2234758616385569,26.24
0.2411681879956014,26.26
0.2421972892595153,26.28
0.18099253665330772,26.3
0.14692464735180144,26.32
0.2338519320447605,26.34
0.18961869794066952,26.36
0.22659908157057124,26.38
0.19399978412413058,26.4
0.19079853484743367,26.42
0.25609264394551884,26.44
0.19387291176551785,26.46
0.22785031531806102,26.48
0.21924885659971666,26.5
0.2108023850349123,26.52
0.15380407261369378,26.54
0.2006449187012062,26.56
0.13820550652070596,26.58
0.23894021614105407,26.6
0.2293142958042471,26.62
0.17609646668179327,26.64
0.20797724430439474,26.66
0.21816158227423205,26.68
0.19387291176551769,26.7
0.23061737049616662,26.72
0.17685918816772406,26.74
0.1983328694760581,26.76
0.2042433796259685,26.78
0.22272046871228124,26.8
0.1688376010396302,26.82
0.2223101990792146,26.84
0.2294129845689567,26.86
0.2302223494468951,26.88
0.231175284607225,26.9
0.2034944288852108,26.92
0.23257571679786712,26.94
0.19039939186740312,26.96
0.21294939074327562,26.98
0.28474073588049875,27.0
0.24338266458889488,27.02
0.19152793811349428,27.04
0.25074433306689736,27.06
0.19713507449666845,27.08
0.27677578386415636,27.1
0.20415681949609124,27.12
0.23636639587186092,27.14
0.21855934096153334,27.16
0.22252425114704863,27.18
0.22785031531806066,27.2
0.18533532997740468,27.22
0.16054254885270478,27.24
0.23655984534376667,27.26
0.16841116069956297,27.28
0.18156124846927305,27.3
0.1874892020662548,27.32
0.22290099146687944,27.34
0.20218461657574488,27.36
0.26704130474101323,27.38
0.19871077888607253,27.4
0.22513662569570905,27.42
0.2571225295839725,27.44
0.20512722726365043,27.46
0.21157012754988327,27.48
0.20420251856946797,27.5
0.20323586144999783,27.52
0.14002749839385864,27.54
0.17836559034731012,27.56
0.1677061911124126,27.58
0.20248700334314657,27.6
0.1502676679775562,27.62
0.18251988802582064,27.64
0.1864747031049937,27.66
0.23034335909383227,27.68
0.23302220349480898,27.7
0.18941053177369688,27.72
0.23474614402536859,27.74
0.24660898569458836,27.76
0.22175145893185969,27.78
0.15689901823988095,27.8
0.23474614402536859,27.82
0.16770619111241244,27.84
0.2397851159568764,27.86
0.24738583160930586,27.88
0.2355206933832859,27.9
0.2194243578944172,27.92
0.20955663213033876,27.94
0.2373786248901704,27.96
0.2124904219972958,27.98
0.2355206933832859,28.0
0.20838378929037343,28.02
0.22785031531806046,28.04
0.24485915848441966,28.06
0.20877078936066082,28.08
0.18044277087003754,28.1
0.2006449187012055,28.12
0.230474582730643,28.14
0.21146260543442358,28.16
0.18290933898435835,28.18
0.19159380851601587,28.2
0.2074167879801774,28.22
0.23034335909383227,28.24
0.16878294898879617,28.26
0.196163441343968,28.28
0.1433255110098742,28.3
0.17549523676259127,28.32
0.13391623891799068,28.34
0.15023098527884968,28.36
0.17506880903355213,28.38
0.1691660567451515,28.4
0.15352000531651006,28.42
0.22530973940215787,28.44
0.16558163434940865,28.46
0.2124904219972958,28.48
0.1746416599893974,28.5
0.2041568194960909,28.52
0.21146260543442358,28.54
0.15026766797755603,28.56
0.20333153658108757,28.58
0.2304745827306432,28.6
0.18941053177369688,28.62
0.21976725553591275,28.64
0.1851882279130706,28.66
0.18202027054949393,28.68
0.1929782196116151,28.7
0.17889815064611797,28.72
0.1501611618489737,28.74
0.1979064359391234,28.76
0.16306373282731051,28.78
0.10292563715066495,28.8
0.11794403546698247,28.82
0.21855934096153265,28.84
0.21006000881375525,28.86
0.18599538046234543,28.88
0.1625963395686603,28.9
0.1799110218469987,28.92
0.23995743625089538,28.94
0.19588999470143598,28.96
0.1597459918974481,28.98
0.14384236844737722,29.0
0.2135518108411193,29.02
0.19749145311666744,29.04
0.2031283540593737,29.06
0.17794760063987472,29.08
0.18667915540380173,29.1
0.2104668059702583,29.12
0.17836559034730978,29.14
0.10221422583134344,29.16
0.13588299559510655,29.18
0.1953366625516939,29.2
0.18846090852889813,29.22
0.14684574392788768,29.24
0.17638973841892008,29.26
0.19588999470143598,29.28
0.2068756066774214,29.3
0.21891836540826634,29.32
0.1922825688598786,29.34
0.18128698855560926,29.36
0.1684111606995626,29.38
0.1990480001215138,29.4
0.1622331371009667,29.42
0.19616344134396763,29.44
0.2440886563369701,29.46
0.19920326974408392,29.48
0.21942435789441703,29.5
0.25553689043278704,29.52
0.21695453455370184,29.54
0.1891692590958697,29.56
0.1958899947014358,29.58
0.19135999249984784,29.6
0.20741678798017704,29.62
0.1543494569549268,29.64
0.16054254885270441,29.66
0.20404700873281895,29.68
0.13974387687896303,29.7
0.13350925342995618,29.72
0.18476168806879856,29.74
0.11300214584346871,29.76
0.11958358336848207,29.78
0.08591899165389355,29.8
0.1508292548534796,29.82
0.05159123242113026,29.84
0.09268797327438943,29.86
0.1305005208219133,29.88
0.08127396135461716,29.9
0.028187104052218383,29.92
0.07022537819488148,29.94
0.0,29.96
0.015896004449071688,29.98
